id,firstname,lastname,email
1,Lewiss,Gueinn,lgueinn0@youku.com
2,Fedora,Slayford,fslayford1@github.com
3,Angus,Kilford,akilford2@hugedomains.com
4,Theo,Boribal,tboribal3@tiny.cc
5,Weider,Jikylls,wjikylls4@accuweather.com
6,Ralf,Stops,rstops5@wordpress.org
7,Kassey,Glassard,kglassard6@sciencedirect.com
8,Carola,Airdrie,cairdrie7@angelfire.com
9,Sheri,Stedall,sstedall8@umich.edu
10,Ashbey,Skynner,askynner9@qq.com
11,Tarrance,Kerr,tkerra@china.com.cn
12,Guthry,Gaish,ggaishb@comcast.net
13,Harv,Du Plantier,hduplantierc@wikispaces.com
14,Osgood,Callard,ocallardd@opera.com
15,Ellen,McCoish,emccoishe@addthis.com
16,Theodore,Brann,tbrannf@harvard.edu
17,Tallia,Seebright,tseebrightg@domainmarket.com
18,Julie,Lotterington,jlotteringtonh@yelp.com
19,Dev,Excell,dexcelli@ebay.co.uk
20,Ozzy,Rowsel,orowselj@patch.com
21,Jordan,Shiell,jshiellk@soup.io
22,Cal,Letixier,cletixierl@nbcnews.com
23,Nerte,Sowley,nsowleym@soundcloud.com
24,Lucretia,Fletcher,lfletchern@disqus.com
25,Randie,Lea,rleao@rakuten.co.jp
26,Silvan,Janus,sjanusp@theatlantic.com
27,Frans,Elnor,felnorq@prnewswire.com
28,Elianore,Shailer,eshailerr@fastcompany.com
29,Joellyn,Nestoruk,jnestoruks@apple.com
30,Linzy,Stoke,lstoket@lulu.com
31,Jamey,Quillinane,jquillinaneu@topsy.com
32,Omar,Haskew,ohaskewv@princeton.edu
33,Alix,Lanceley,alanceleyw@blogspot.com
34,Siusan,Praton,spratonx@nhs.uk
35,Wren,Elton,weltony@npr.org
36,Elizabet,O'Gleasane,eogleasanez@issuu.com
37,Dorey,Prodrick,dprodrick10@unblog.fr
38,Hallsy,O'Tierney,hotierney11@wsj.com
39,Darcee,Van Cassel,dvancassel12@constantcontact.com
40,Melamie,Fireman,mfireman13@bravesites.com
41,Faith,Fussey,ffussey14@homestead.com
42,Ira,Smorthit,ismorthit15@washingtonpost.com
43,Hube,Nowell,hnowell16@arizona.edu
44,Enos,Pashen,epashen17@java.com
45,Sibilla,Hatwells,shatwells18@diigo.com
46,Wilie,Kennealy,wkennealy19@foxnews.com
47,Othelia,Kirkebye,okirkebye1a@gnu.org
48,Carole,Hegden,chegden1b@creativecommons.org
49,Ingra,Hrachovec,ihrachovec1c@google.de
50,Casper,Schulze,cschulze1d@ameblo.jp
51,Georgianne,Filyakov,gfilyakov1e@paypal.com
52,Morgen,Farmery,mfarmery1f@networksolutions.com
53,Amii,Slaght,aslaght1g@usatoday.com
54,Krisha,Jarrette,kjarrette1h@wikipedia.org
55,Mary,Charpin,mcharpin1i@columbia.edu
56,Marcellus,Crolla,mcrolla1j@bravesites.com
57,Carmella,Pomfrett,cpomfrett1k@ca.gov
58,Fairleigh,Yanuk,fyanuk1l@dell.com
59,Kenna,Oglethorpe,koglethorpe1m@yelp.com
60,Carissa,Kimmitt,ckimmitt1n@cyberchimps.com
61,Ricky,Meaden,rmeaden1o@hibu.com
62,Oswell,Pavkovic,opavkovic1p@canalblog.com
63,Koral,Stare,kstare1q@zdnet.com
64,Lukas,Forsyth,lforsyth1r@economist.com
65,Natividad,Brahm,nbrahm1s@people.com.cn
66,Melosa,Leyson,mleyson1t@ca.gov
67,Nerissa,Fardy,nfardy1u@cyberchimps.com
68,Rozalie,Pursey,rpursey1v@issuu.com
69,Tierney,Harborow,tharborow1w@about.me
70,Lurette,Borgnet,lborgnet1x@telegraph.co.uk
71,Luke,Verny,lverny1y@nps.gov
72,Linc,Buxam,lbuxam1z@yellowbook.com
73,Tiphany,Milan,tmilan20@cnet.com
74,Laraine,Suff,lsuff21@ning.com
75,Alard,Castagnaro,acastagnaro22@feedburner.com
76,Agnes,Durward,adurward23@feedburner.com
77,Aguste,Halbord,ahalbord24@un.org
78,Lettie,Keeton,lkeeton25@usnews.com
79,Jemmy,Treece,jtreece26@usatoday.com
80,Charlotta,Fellini,cfellini27@geocities.jp
81,Noam,Lumley,nlumley28@time.com
82,Faina,Catford,fcatford29@google.com.br
83,Horacio,Ralphs,hralphs2a@topsy.com
84,Laurena,Navarre,lnavarre2b@google.com.hk
85,Bili,Dennant,bdennant2c@dion.ne.jp
86,Rolph,Cowthard,rcowthard2d@google.com.au
87,Quint,Twidell,qtwidell2e@i2i.jp
88,Ester,Defries,edefries2f@typepad.com
89,Kylila,Loding,kloding2g@skype.com
90,Rabbi,Holehouse,rholehouse2h@yelp.com
91,Arda,Jeaneau,ajeaneau2i@tinyurl.com
92,Chaunce,Brumham,cbrumham2j@msu.edu
93,Thornton,Caunce,tcaunce2k@house.gov
94,Alejandrina,Lorden,alorden2l@pinterest.com
95,Waneta,Likely,wlikely2m@nsw.gov.au
96,Jacqui,Cutcliffe,jcutcliffe2n@home.pl
97,Whitby,Aloigi,waloigi2o@pagesperso-orange.fr
98,Ceil,Levington,clevington2p@bbc.co.uk
99,Tremaine,Rummins,trummins2q@eventbrite.com
100,Reider,Court,rcourt2r@multiply.com
